{
  "total_requests": 50,
  "success_rate_percent": 0.0,
  "total_duration_seconds": 0.05798343598144129,
  "requests_per_second": 862.3152311291703,
  "latency_p50_ms": 4.847051008255221,
  "latency_p95_ms": 10.386978941096459,
  "latency_p99_ms": 11.692862151830923,
  "latency_mean_ms": 4.892271899734624,
  "latency_min_ms": 0.6115330033935606,
  "latency_max_ms": 11.306037020403892,
  "memory_initial_mb": 35.26953125,
  "memory_final_mb": 36.73046875,
  "memory_delta_mb": 1.4609375,
  "cpu_usage_percent": 0.0
}