{
  "timestamp": 1768134439.6861634,
  "current": {
    "name": "Current Architecture",
    "memory_mb": 0.45237064361572266,
    "successful_searches": 160,
    "mean_ms": 326.27817776774464,
    "median_ms": 308.5310995084001,
    "p95_ms": 454.15893049066653,
    "p99_ms": 495.6419390210067,
    "min_ms": 228.91803999664262,
    "max_ms": 507.70094300969504,
    "total_queries": 160
  },
  "simplified": {
    "name": "Simplified Architecture",
    "memory_mb": 0.03258037567138672,
    "successful_searches": 160,
    "mean_ms": 0.06644262466579676,
    "median_ms": 0.06192199361976236,
    "p95_ms": 0.1080145695596002,
    "p99_ms": 0.1274067908525467,
    "min_ms": 0.038542988477274776,
    "max_ms": 0.1282980083487928,
    "total_queries": 160
  },
  "improvements": {
    "memory_percent": 92.7978580990629,
    "mean_latency_percent": 99.97963620334023,
    "p99_latency_percent": 99.97429459034394
  }
}